oracle,h0,h1
Random,1485.9223869368145,3796.2709650392453
InterleavedRandom,1287.2178710303863,3346.8110583061007
InterleavedNewFirst,1333.469362227719,2328.9680418588828
InterleavedOldFirst,749.8562445562483,2419.696747011906
StochasticLinear,835.5886607655707,2779.8329014528913
StochasticSquare,548.7835274495764,3777.6403560953227
StochasticExponential,780.4117679148618,2516.0587016204527
