oracle,h0,h1
Random,507.83230253696934,2364.549944492609
InterleavedRandom,825.1746406064598,2157.665854575263
InterleavedNewFirst,957.1874672706491,2774.7408397001695
InterleavedOldFirst,557.3096334175464,2232.2321670247475
StochasticLinear,590.3157862534256,2181.170593970128
StochasticSquare,780.7064749315199,1568.8163882366862
StochasticExponential,941.2852596317442,2477.5307561158547
