oracle,h0,h1
Random,455.88818975318884,2147.284714774885
InterleavedRandom,634.4153088763151,2841.665617954635
InterleavedNewFirst,508.5415785131668,2542.907316978493
InterleavedOldFirst,844.5681604516029,2387.5404163430717
StochasticLinear,341.8894576596307,1885.038891689469
StochasticSquare,949.0022061976398,2873.6536311712116
StochasticExponential,615.1512980548164,3036.5124329888595
