oracle,h0,h1,h2,h3,h4,h5,h6
Random,0.0,41.59519202984884,46.32949624399366,80.32780755545782,913.645229591637,1392.473241713782,14720.82036470794
InterleavedRandom,0.17950549357115012,39.642906048875886,46.75046048495732,63.11150625854386,804.3970972100782,1159.0234318405974,15138.885255489879
InterleavedNewFirst,0.17950549357115,27.454305470889057,30.52059414013211,35.767474361802826,466.94034831966366,797.0258499920536,12485.756277944167
InterleavedOldFirst,0.0,25.54040372081503,47.42357594652216,61.213115878507246,686.9939195914004,1067.0631221566357,9208.800144065095
StochasticLinear,0.17950549357115006,30.809450209671418,45.84865198551522,69.97006502783887,605.7001972006356,1484.8895342377793,13929.133451391252
StochasticSquare,0.17950549357115,31.528540862033065,45.2529802579037,52.93073041459207,782.0748337311178,1343.0227449054369,10931.004821149792
StochasticExponential,0.0,28.743617649063516,35.250910153734566,47.20635550431743,1020.9952965393893,1216.2419642306195,11443.690095225209
