oracle,h0,h1,h2,h3,h4,h5,h6
Random,0.3,18.532336603893206,35.54096228297709,44.639556449409305,795.2474001843702,1522.5051855412512,11484.029369520089
InterleavedRandom,0.0,58.48271112046705,79.02523331189855,78.61291242537705,730.8621809205891,1272.759948890599,11424.265662505404
InterleavedNewFirst,0.0,29.59239767237525,44.006675629954145,48.20383802146878,747.1583818040189,1398.6374226367604,11883.889799219782
InterleavedOldFirst,0.0,28.84870014402729,41.865588494609746,55.777661299125825,990.3634825153847,1045.7967429190053,20935.782259328167
StochasticLinear,0.0,19.562975233844163,31.307986201606774,37.50386646733907,595.7240363624754,1436.0757248487978,11390.663596121165
StochasticSquare,0.0,27.34245782661098,37.57322850115491,77.20194298073073,570.565552763221,1061.2499988221437,12451.479271456063
StochasticExponential,0.21794494717703375,29.520162601178196,76.45029430944004,91.75679811327333,763.3945506748132,1073.038797061877,6961.031691495162
