oracle,h0,h1,h2,h3,h4,h5,h6
Random,1.0,27.64773105231922,59.24571469623032,90.17515813106611,588.0441183006329,1308.0053058929088,9655.682777108299
InterleavedRandom,1.0,28.416384519720456,60.68315742657529,93.04268560107478,701.1336362626959,1728.253825835567,9784.958737488161
InterleavedNewFirst,1.0,18.066719280046964,49.3207996302138,84.78574924207314,809.6552940041328,1651.0604300694633,8079.72266088163
InterleavedOldFirst,1.056467308549538,35.898490433314265,68.14696193148,107.86113071414319,789.7335142103367,1997.804486863564,10152.191466842185
StochasticLinear,1.0,11.396405362778188,37.13951213944817,85.7516745452987,613.8233743951259,1874.6919260994541,7718.001000422214
StochasticSquare,1.0,19.998433333614408,51.67933252464685,83.91449483850228,464.5946513883909,1297.9415688052281,10455.113539591022
StochasticExponential,1.0352649238413776,30.672342139012887,59.660475448511974,106.02537518084421,713.6874595322611,1888.495523806237,9762.685975518358
