oracle,h0,h1,h2,h3,h4,h5,h6,h7,h8,h9
Random,0.0,0.0,72.85755508753593,106.36875585538368,164.35563067121655,296.51607413801736,639.3631067102812,21384.167375394558,50860.127178468596,30299.79899273261
InterleavedRandom,0.0,0.24944382578492943,82.65911255807728,132.7592809059565,231.7718610089576,353.6229567711287,1089.6948176235194,27939.065192367,57597.61973998773,66400.56750731378
InterleavedNewFirst,0.17950549357115003,0.17950549357115006,118.56748664321466,158.86407887107632,175.4552047928157,319.1875815601575,742.0845833790706,26848.364872288876,42669.285981956615,65143.94723973467
InterleavedOldFirst,0.17950549357115012,0.17950549357115012,74.94063576517675,112.52802120163473,154.96234668102085,400.46235639431694,640.6496390383749,24366.749870377786,46840.10813162393,62794.61019847873
StochasticLinear,0.17950549357115012,0.24944382578492943,72.74956280891926,99.10860485122144,161.37440592884886,313.63253268045315,2070.03654288732,23900.46678300563,71614.54611661579,74275.24718905725
StochasticSquare,0.0,0.1795054935711501,70.22468701722113,145.63418402131953,197.77727371970724,361.07433675999005,1374.2894632823497,36639.385443065985,69895.8307257943,91623.74861513799
StochasticExponential,0.0,0.0,130.0787325686512,146.96216066275926,190.5033945454341,342.85345265871246,1565.714399953651,36259.69920265013,79653.66493321783,100682.58362866608
