oracle,h0,h1,h2,h3,h4,h5,h6,h7,h8,h9
Random,0.0,0.21794494717703367,47.94100541290306,140.58750833555592,189.88617643209312,239.6739243221924,948.3201186835594,26816.875547125175,45129.37689953187,11779.752339820223
InterleavedRandom,0.21794494717703372,0.21794494717703364,61.449877949431276,91.51004043273066,112.56992271472873,331.5397412075964,1118.238887715858,18564.673395659294,49773.552457203616,105870.97003456614
InterleavedNewFirst,0.0,0.21794494717703364,85.33491372234462,81.97859476717078,219.82431053002304,250.13568318014921,1038.1212971035707,18881.39939325208,77529.74612203693,97007.93615177833
InterleavedOldFirst,0.3,0.3,48.311385821563846,67.85683458576594,132.91858410320205,306.7402973200619,707.0842524056097,28064.901044676782,71449.85320480022,93784.18087908003
StochasticLinear,0.0,0.3,73.91973687723733,108.13468453738605,152.8441690088307,200.79847484480555,1409.3536639183226,25547.147250280213,90565.16845476521,90430.78073969063
StochasticSquare,0.21794494717703378,0.2179449471770336,57.755064712975596,93.83468175466894,142.67251837687596,286.0241073755847,1106.7949166399346,36880.62502195428,77718.62479964181,83897.32036297405
StochasticExponential,0.0,0.21794494717703364,59.477285580295266,122.71165388829212,228.50927224075613,423.87539147725954,983.9062404518024,37249.056762554406,78009.0141181774,87710.83464207829
