oracle,h0,h1,h2,h3,h4,h5,h6,h7,h8,h9
Random,1.0717734625362931,2.0827594879848212,82.4064516036934,149.4981834611286,293.4306561466503,509.44994814249173,1090.5989117056774,13881.870510349767,64981.31169280807,182762.08825590517
InterleavedRandom,1.0,2.0,65.48205431705166,157.620895712927,241.9979797410225,573.1698536262618,1241.818595839062,18123.335501053305,76065.89786243293,242997.33630359772
InterleavedNewFirst,1.0,2.0,69.58650842944938,155.7596594423484,236.11161331228305,513.1029258178144,1147.647741152323,26188.228631132246,77155.20141318817,233600.1378390608
InterleavedOldFirst,1.109569472067845,2.1254147223136055,53.10567309983118,133.73575604689955,243.08579904376057,417.8714330374368,1001.902056323301,21028.586027505295,75572.31876655424,262173.746376885
StochasticLinear,1.0,2.0,42.01109711732607,152.04490741650685,288.65933366252716,432.75365394182717,2252.558754482142,30114.840886381673,113333.96666029622,272510.3512419741
StochasticSquare,1.0,2.0,52.73970226383146,158.86821055765586,328.5540407971881,603.8654982126469,1727.1744329587514,17836.641810311048,82082.8900926211,268664.57138406375
StochasticExponential,1.0352649238413776,2.0409603072989055,47.73497400247187,119.23832836388266,202.2692405955213,396.7353148702848,1624.2508640809076,26106.519819473535,101577.77281398175,269836.7934891639
