oracle,h0,h1,h2,h3,h4,h5,h6,h7,h8,h9,h10,h11
Random,0.0,8.562125904236634,12.607537428062626,14.852272553383875,16.63430190900718,25.65906272645203,31.997617098777845,53.649114624567666,85.30920231721781,135.0235164702801,161.78902929432513,182.23130219586318
InterleavedRandom,0.0,6.561059365681733,9.007774419910836,12.459032867763051,20.291562285836942,24.564761346286268,34.89484202572065,60.848253877987325,100.33837750332621,149.6742796875936,198.52899032635005,190.37675803521816
InterleavedNewFirst,0.0,8.277076778670112,11.386285610329647,13.183702059740277,14.373586887064759,18.176564581900507,23.990414752563158,90.12102973224397,98.43530870576879,174.28409996324967,181.30667389812214,181.16591842838434
InterleavedOldFirst,0.0,11.29811931252277,13.427955912945201,20.004686950812303,23.329112713517414,27.627884464793897,32.95068284573174,41.73607552226251,52.98575280205048,97.01731804167748,160.47444500605073,193.26833030789086
StochasticLinear,0.0,11.363978176677392,12.50959631642844,18.915337691936667,19.607396563542036,25.590769820386413,26.68196956748133,72.30371705521092,117.45492752541293,175.66015484451788,195.35963631211027,221.62064434524146
StochasticSquare,0.0,6.6452990903344595,8.021689348260752,15.293789589241772,16.888679640516603,24.824332820843345,27.372020385788115,64.42815766417662,75.20678160910758,160.77922751400442,208.20626191351687,243.4271143484226
StochasticExponential,0.0,5.974110812497538,8.086408349817612,10.981803130633876,16.427035642501053,18.684953839921572,22.479101405527757,65.01451760953087,101.6696980422387,142.51332393850055,155.7226621272575,189.34320030040686
