oracle,h0,h1,h2,h3,h4,h5,h6,h7,h8,h9,h10,h11
Random,0.0,7.200520814496685,13.238202294873727,14.601369798755183,15.692275169649555,12.945559084102934,15.3501628655855,64.07595102688684,117.57312618111334,128.1996879871398,138.41835138448948,152.22036657425315
InterleavedRandom,0.0,11.624435470163704,15.91940639596841,16.682026255823963,14.404513181638592,17.599644882781014,33.407184855955755,58.562680095774304,86.21442744691865,137.43201955876222,153.24979608469306,189.50046833715214
InterleavedNewFirst,0.0,8.58545281275251,11.371455491712572,21.427785699880424,19.852644660095034,28.876071408694084,31.21742301984582,76.82538642922664,75.84344071836404,160.76019407801175,163.63468458734536,167.8158514562912
InterleavedOldFirst,0.21794494717703375,9.908960591303208,12.236318890908327,20.930539887924535,24.162781296862327,30.464077205784523,39.62761032411619,108.95324685386848,125.95327506658968,151.16295842566726,166.56364399231904,223.90989259074732
StochasticLinear,0.0,4.140953996363639,8.423775875461075,15.369124893760215,18.302732036502093,24.88292587297563,46.91681468301104,93.48843511365456,154.7953810680409,198.38147594974689,192.2964898275577,246.62177519432464
StochasticSquare,0.0,11.448143954370945,14.844106574664572,20.437465596301315,21.237702323933256,26.48183339574509,38.93619781129123,44.052922718021776,99.67968699790343,205.26652795816466,234.37757465252517,258.56577499738825
StochasticExponential,0.21794494717703372,4.652687395473717,9.713264126955469,18.308194886443612,19.771886606998333,23.261556267799453,43.58784234164385,67.13687511345758,107.00994112698127,172.406286138296,202.23458532110675,248.3734033667856
