oracle,h0,h1,h2,h3,h4,h5,h6,h7,h8,h9,h10,h11
Random,1.023373891996775,6.724948034664264,17.122180382159467,27.328353033803694,36.88016269894295,50.52917944910523,75.48859433674102,128.24053503201773,211.6774612347109,293.1395976354894,345.88781236421187,429.28212371116007
InterleavedRandom,1.0472941228206267,6.627380022752607,14.693443702638266,23.3482420432117,30.51299388297288,43.3252583243895,62.82983211085723,130.0380509519563,204.43453768682946,290.23559637863053,371.36579539594527,428.2259137855943
InterleavedNewFirst,1.0,8.71304224124654,14.728348260674288,25.091095151232658,38.24306682908692,56.777439958899365,75.16781417995684,136.10295467012904,225.69935792928572,302.63059976100624,386.0276179693803,443.24779468276745
InterleavedOldFirst,1.0472941228206267,7.851470945924558,14.162321303184092,23.345364761587184,31.157121767498037,49.23222566497969,69.07694192535564,127.80729900822115,213.46632971302702,293.68709156956197,348.1828668074393,406.86732568423776
StochasticLinear,1.0,7.7722906792029764,15.77006468974229,26.373402681981226,37.00416289507735,51.07295986156043,71.02056237977303,126.40446913321135,217.88171963745418,445.9454634647212,594.1148857446332,761.2290100925143
StochasticSquare,1.0,6.614756628951507,14.87159525822791,26.465423267694664,36.635904377364284,50.82071654996879,68.4960436960701,125.7871816818279,198.4695781838332,332.3224102652694,458.2246489942617,562.238582603508
StochasticExponential,1.0472941228206267,8.634987983054145,16.291154107548053,24.10347399079128,31.08889307475142,56.212935912762745,73.90893481988869,125.99181999720878,194.65107892098902,325.6227140078063,411.61241404941575,477.7330680945438
