oracle,h0,h1,h2,h3,h4,h5,h6,h7,h8,h9,h10
Random,1.0,53.166666666666664,132.1,208.9,296.76666666666665,397.2,504.73333333333335,802.8333333333334,1490.6333333333334,4721.8,9086.733333333334
InterleavedRandom,1.0,49.53333333333333,137.6,234.66666666666666,299.0,439.26666666666665,552.3666666666667,775.1,1393.6666666666667,3567.0333333333333,7716.333333333333
InterleavedNewFirst,1.0,56.13333333333333,147.73333333333332,233.26666666666668,330.7,444.3666666666667,565.2666666666667,857.1333333333333,1571.5666666666666,3264.4,7261.533333333334
InterleavedOldFirst,1.0333333333333334,60.5,142.66666666666666,225.23333333333332,310.06666666666666,428.53333333333336,556.2666666666667,825.2666666666667,1635.8666666666666,4605.733333333334,10401.4
StochasticLinear,1.0333333333333334,33.46666666666667,95.13333333333334,174.76666666666668,257.46666666666664,384.73333333333335,518.8,895.2,1550.4,3213.633333333333,6255.633333333333
StochasticSquare,1.0333333333333334,39.93333333333333,117.63333333333334,173.5,258.46666666666664,374.9,487.6666666666667,780.6,1469.1,3590.6,7370.8
StochasticExponential,1.0666666666666667,30.566666666666666,102.26666666666667,202.4,280.4,440.96666666666664,578.1,854.3,1389.1,3088.3,8262.7
