oracle,h0,h1,h2,h3,h4,h5,h6,h7,h8,h9,h10
Random,0.0,44.18302841589743,94.09913655289297,138.59374985907553,176.11064703759394,221.2653158540669,294.0210706735148,349.0862751527192,550.6784361131275,1172.4612093796536,3491.7208493807175
InterleavedRandom,0.21794494717703378,53.541479247402194,84.48869746895144,98.3408740046579,149.43409082267675,166.46995975250312,210.5492519578258,353.67045041959614,779.8119003964995,1336.0744515183278,3363.1152206696697
InterleavedNewFirst,0.0,37.890632087628205,72.24574381927283,108.32751266414272,116.25291394197394,149.1850780071519,225.02285994982822,257.6946836859465,621.4748184761793,1222.7900586363958,3760.6563509579014
InterleavedOldFirst,0.0,50.841026740222304,118.13393881522785,141.15200140274314,153.5146572806649,163.0326961072533,188.66170782646913,338.9642164004926,657.5748246397516,2028.1317135482104,3089.8795429595634
StochasticLinear,0.0,34.02568882476885,66.82282544161089,71.20365159175476,100.94279320486432,113.92377934391045,175.14522545590557,354.8777817784596,673.3947207990274,919.7742807341374,3235.6925827402088
StochasticSquare,0.0,35.37174013248429,52.120917106282775,84.14178510110182,97.94328716149974,120.98779897163185,191.56927598130133,482.367069771559,1103.5856151654025,2709.6958957602606,3581.4276940209197
StochasticExponential,0.0,28.3645906016639,67.67643607637743,128.87058430844488,131.89134732801847,146.60466397765111,167.47252759781227,399.29601801170014,710.6595018009679,1594.0076058476009,3674.687032592027
