oracle,h0,h1,h2,h3,h4,h5,h6,h7,h8,h9,h10
Random,1.0,33.57138676508238,104.03339371307034,186.70621997942598,268.3788504420705,366.8011148310777,473.9888769450472,725.2728064442227,1328.8182118155316,3846.039212554534,7771.502346574419
InterleavedRandom,1.0,34.48557191972428,104.05023523377429,198.8535282029443,258.6700198780951,399.30180200409063,512.8821179104682,709.4031494912712,1244.8627922789508,3081.290972534415,6565.897911987984
InterleavedNewFirst,1.0,39.539954203043926,116.54835181601668,198.56592628453143,285.5474032069842,403.0689813849491,527.7682958096977,767.653576940645,1419.9749294989813,2749.659621252914,6160.301521892857
InterleavedOldFirst,1.023373891996775,41.493248233887456,118.94826565612908,203.45216734955832,280.22836147460174,387.5481485327953,531.6924283344996,774.4576897815481,1519.0598573280943,3730.9904224243396,9138.145668628005
StochasticLinear,1.023373891996775,23.869986611535477,75.99816308147331,142.49240894204516,216.97894645142526,326.1168313261425,453.0856577245799,817.7625176392608,1410.4397908990495,2834.373776432642,5445.941229475372
StochasticSquare,1.023373891996775,29.2745096539983,92.53318118120133,146.36880737658942,226.842164412952,349.8817083034019,466.2819126072099,724.4356694388139,1260.363102209597,2980.352407140815,6354.433528159443
StochasticExponential,1.0472941228206267,21.339343768707884,79.99461614126743,170.5464043544999,249.17020234493393,388.050514509778,522.661088889795,777.3495632739022,1242.8710190659779,2477.5223845384266,6822.8135591801565
