oracle,h0,h1
Random,918.6114303665072,2126.5762689120743
InterleavedRandom,794.0341475654559,3375.418007817698
InterleavedNewFirst,856.3248740986099,2146.577848576659
InterleavedOldFirst,785.6999809087437,3192.489976491704
StochasticLinear,655.9789325885398,2985.306448256192
StochasticSquare,1358.2002576939824,2479.771410332009
StochasticExponential,1208.4738060876618,3178.666960771449
