oracle,h0,h1
Random,877.9294707182094,2643.5591095255572
InterleavedRandom,873.6404428214925,2577.1238568088525
InterleavedNewFirst,888.2274083188883,2858.859333526029
InterleavedOldFirst,1012.2723112988039,2021.5810042307646
StochasticLinear,724.5981292336386,1836.978618698529
StochasticSquare,997.2060463559619,1886.9117582264766
StochasticExponential,810.9207112905675,1856.6820672610831
