oracle,h0,h1
Random,571.4315037883883,2736.4451079612936
InterleavedRandom,428.4203106661327,2361.106416792456
InterleavedNewFirst,373.8755545568366,2217.4690835892147
InterleavedOldFirst,412.75556129760474,1870.8747403905415
StochasticLinear,397.41058848739254,1946.9770244388399
StochasticSquare,563.5358709293617,2754.799395129241
StochasticExponential,739.7814033524526,2177.0262489713546
