oracle,h0,h1,h2,h3,h4,h5,h6,h7,h8,h9
Random,1.0666666666666667,10.8,25.4,36.93333333333333,120.36666666666666,231.96666666666667,358.93333333333334,863.4666666666667,1222.0,19502.233333333334
InterleavedRandom,1.0,10.2,26.133333333333333,38.46666666666667,142.46666666666667,258.3666666666667,339.4,818.9333333333333,1118.0333333333333,21191.066666666666
InterleavedNewFirst,1.0666666666666667,12.733333333333333,22.966666666666665,39.766666666666666,132.56666666666666,237.73333333333332,356.53333333333336,667.0,985.7,15052.133333333333
InterleavedOldFirst,1.0333333333333334,10.7,22.333333333333332,34.3,128.16666666666666,223.7,320.06666666666666,807.0666666666667,1129.7666666666667,16002.833333333334
StochasticLinear,1.0333333333333334,11.333333333333334,20.633333333333333,33.5,120.9,210.5,277.3666666666667,1357.6,2067.633333333333,45113.63333333333
StochasticSquare,1.0333333333333334,13.8,23.7,34.0,101.26666666666667,207.1,283.03333333333336,1033.5,1680.3,27186.966666666667
StochasticExponential,1.0,13.866666666666667,22.333333333333332,40.93333333333333,104.16666666666667,188.9,310.1333333333333,829.7,1261.7333333333333,22263.033333333333
