oracle,h0,h1,h2,h3,h4,h5,h6,h7,h8,h9
Random,0.35901098714230006,9.260669522232181,16.107141273360707,19.39919815066821,63.326920727988096,103.39228963300674,186.61724345717775,430.72943814985393,717.0784708337947,18119.930358003276
InterleavedRandom,0.0,7.704544113703291,15.791840368437816,21.561900555274704,75.4964605498533,137.5997779390973,157.13425257827566,695.3881857559048,797.8803788093106,19742.174484984058
InterleavedNewFirst,0.2494438257849295,10.471973177115295,14.117325840572247,20.36121039842398,100.11948972214262,151.4663732391524,188.89110325499425,419.12798363586586,556.920529938219,13772.36256356266
InterleavedOldFirst,0.17950549357115,9.256169113983747,11.77945480722922,13.7189649755366,86.39331892892851,129.43702458467334,152.0179667743988,508.4904412954967,571.215119042049,14871.59873289426
StochasticLinear,0.17950549357115012,7.900773520499255,11.1847614587388,16.10331228867734,82.02899893736767,151.62711938612213,170.23170157823782,1371.5328310567947,1352.2630533870085,43634.82553609623
StochasticSquare,0.1795054935711501,12.91355876588634,12.269610154089381,15.26215362697327,76.42771457760303,151.2041335413817,162.32446587690416,876.1852448730996,1142.398300360547,28977.561920082615
StochasticExponential,0.0,10.213498693178334,12.122522656425748,22.639100885169643,62.153617933489784,152.97894190595864,157.5152338311723,705.0509745165002,736.8400519937975,24472.111380757942
