oracle,h0,h1,h2,h3,h4,h5,h6,h7,h8,h9
Random,0.0,11.087267472195302,14.777939639882144,18.91956659123036,88.0932886206435,123.24280912085702,139.01743595678926,287.6783403386498,465.296722533052,16336.61195474753
InterleavedRandom,0.0,5.290321351298048,13.172319461658983,18.82179587605816,65.5058012698112,96.74786819356797,134.22682295279137,321.63088704289584,410.81239939904435,18881.308100605744
InterleavedNewFirst,0.0,8.55336191213724,8.769834662067467,12.346963189383859,89.16494546625373,171.87105631839236,186.11186824058265,432.3432663983562,564.7374500597601,12568.085066846896
InterleavedOldFirst,0.0,4.737087712930805,11.599568957508723,19.480503073586164,60.727156198853905,93.96354346234502,133.8784056522933,511.95512254493553,516.3388906522537,19465.026429149795
StochasticLinear,0.0,6.457553716385176,10.060318086422516,12.119715343191851,125.1526667714276,170.44303300516572,247.62281801158795,1177.9608004938025,1439.2415459192387,42977.15653562367
StochasticSquare,0.0,9.650906693155829,11.685354081070884,16.543503256565703,90.67325956421773,172.94872072380298,295.45200540866193,839.8986531123859,860.414138656496,25034.203080785297
StochasticExponential,0.0,8.253938453853408,8.56665045394056,15.534719179953012,56.44596974098328,162.27464373709162,224.71543671942075,574.930900195841,689.1544003342067,16752.65050641241
