oracle,h0,h1,h2,h3,h4,h5,h6,h7,h8,h9
Random,1.0352649238413776,9.525583161110946,22.232987929509598,36.20553356389588,97.04539535303515,199.234877621104,288.440174900016,694.6988376982995,990.4564721464842,13721.731786174718
InterleavedRandom,1.0717734625362931,7.0072994026177255,15.042462073522366,30.208027272868694,83.45021482193923,163.6745570353858,243.43082696089652,494.0941717129565,888.4274187836909,15576.800289441562
InterleavedNewFirst,1.0,8.897581576074238,16.523265815451506,24.200024106745918,111.75100566538032,187.42182491597967,292.5241945556029,591.075923163985,900.8181334550497,11434.33018219064
InterleavedOldFirst,1.0,10.877995633895075,23.82243734813976,32.45982060771339,119.15971897387567,185.2010610211925,254.77546343123333,468.64560959355714,701.3209281926066,10462.438239438461
StochasticLinear,1.0,8.41296014100945,17.432480996958354,27.711652381632458,84.88518572873207,153.7472146770928,256.67843218430755,984.1773989406225,1630.9957628316668,27660.98640768152
StochasticSquare,1.0,9.89495086689523,20.63950663483444,32.475633013539976,100.4569913279568,165.8179619441269,242.58120275933112,841.2822360187175,1303.7978640855786,11600.058049970927
StochasticExponential,1.0352649238413776,7.5386997000487534,16.827753412502993,33.241205112331414,65.55641276488656,143.05527419807686,260.45415594278955,809.4395802818862,1361.4930532999324,12348.872508274912
